id;name;url_serveur;port;username;password;topic
1;optimizing;Refined Saint Helena;24697;Kids Minnesota Supervisor;e-services Hat Books;Frozen
2;Money Market Account;Supervisor zero administration teal;61400;Buckinghamshire Latvia;transmitter;Upgradable feed teal
3;data-warehouse orchid;Palau;24855;Cambridgeshire;multimedia;hybrid Ways
4;Maryland;payment;71967;Philippine Peso;Intelligent cyan;Dam technologies Metal
5;Granite;yellow multi-byte;18229;HDD Technician Research;Intelligent Steel Keyboard;mobile IB synthesize
6;Avon;Path;9002;invoice;back-end synergies;Engineer parsing
7;Credit Card Account methodical;Lead;32664;cyan Home Loan Account;Antigua and Barbuda;orange Poland
8;SMTP hard drive Holy See (Vatican City State);Danish Krone;91751;compress;envisioneer bypassing Hryvnia;Garden Avon
9;Roads Kuwait;granular matrix Brazilian Real;98823;Berkshire Awesome;parsing Direct;bypassing
10;Avon Salad;collaborative South Dakota Future;70230;Identity Sudanese Pound Avon;Investment Account Haiti;Cambridgeshire best-of-breed
